﻿Hospital,Lat,Long,HIPE
Children's Health Ireland,53.388,-6.3672,0
St. Columcille's Hospital,53.2429,-6.1325,101
Naas General Hospital,53.2115,-6.6623,102
Connolly Hospital,53.3883,-6.3688,108
Midland Regional Hospital Portlaoise,53.0382,-7.2761,201
Midland Regional Hospital Mullingar,53.5342,-7.349,202
Midland Regional Hospital Tullamore,53.2831,-7.4885,203
University Hospital Limerick,52.6352,-8.654,300
Croom Orthopaedic Hospital,52.5275,-8.7121,302
Nenagh Hospital,52.8578,-8.1911,304
Ennis Hospital,52.8516,-8.982563,305
Louth County Hospital,53.9882,-6.401,400
Cavan General Hospital,54.0014,-7.3715,402
Our Lady's Hospital Navan,53.6505,-6.697,403
Letterkenny General Hospital,54.96,-7.7342,500
Sligo Regional Hospital,54.2742,-8.4628,501
University Hospital Waterford,52.2483,-7.0791,600
St. Luke's General Hospital Kilkenny,52.6665,-7.2623,601
Lourdes Orthopaedic Hospital Kilcreene,52.6525118,-7.2761464,602
Wexford General Hospital,52.3429,-6.4833,605
South Tipperary General Hospital,52.3553,-7.7146,607
Mallow General Hospital,52.1515,-8.6635,703
Bantry General Hospital,51.6763,-9.4497,704
Cork University Hospital,51.8833,-8.5106,724
Cork University Maternity Hospital,51.8824,-8.5112,725
Kerry General Hospital,52.2653,-9.6886,726
Galway University Hospital,53.2768,-9.0661,800
Mayo General Hospital,53.852,-9.3032,802
Roscommon Hospital,53.625,-8.1751,803
St. James's Hospital,53.3394,-6.2946,904
Mater Misericordiae University Hospital,53.359,-6.2697,908
St. Vincent's University Hospital,53.317,-6.2129,910
St. Michael's Hospital Dun Laoghaire,53.2939,-6.1381,912
Mercy University Hospital,51.8987,-8.4827,913
South Infirmary Victoria University Hospital,51.8931,-8.4631,915
St. John's Hospital Limerick,52.6632,-8.617,918
Portiuncula Hospital,53.3269,-8.2351,919
Our Lady of Lourdes Hospital Drogheda,53.7222,-6.3541,922
Beaumont Hospital,53.3905,-6.2233,923
Coombe Women and Infants University Hospital,53.335,-6.2884,930
Rotunda Hospital,53.3531,-6.2632,932
CHI at Connolly,53.3883,-6.3688,938
Childrens University Hospital Temple Street,53.3568,-6.262,940
Our Lady's Children's Hospital Crumlin,53.3263,-6.3185,941
Royal Victoria Eye and Ear Hospital,53.3328,-6.2561,950
Cappagh National Orthopaedic Hospital,53.3941,-6.3274,955
Tallaght Children's Hospital,53.1728,-6.2225,992
Tallaght Hospital,53.2906,-6.3783,1270
